[{"model": "admin.logentry", "pk": 1, "fields": {"action_time": "2024-06-12T06:42:35.489Z", "user": 1, "content_type": 7, "object_id": "1", "object_repr": "Anandsinhji", "action_flag": 1, "change_message": "[{\"added\": {}}]"}}, {"model": "admin.logentry", "pk": 2, "fields": {"action_time": "2024-06-12T06:42:49.302Z", "user": 1, "content_type": 7, "object_id": "2", "object_repr": "વસંતબા", "action_flag": 1, "change_message": "[{\"added\": {}}]"}}, {"model": "admin.logentry", "pk": 3, "fields": {"action_time": "2024-06-12T06:43:16.169Z", "user": 1, "content_type": 7, "object_id": "3", "object_repr": "રામસિંહજી", "action_flag": 1, "change_message": "[{\"added\": {}}]"}}, {"model": "admin.logentry", "pk": 4, "fields": {"action_time": "2024-06-12T06:43:27.018Z", "user": 1, "content_type": 7, "object_id": "4", "object_repr": "અજીતસિંહજી", "action_flag": 1, "change_message": "[{\"added\": {}}]"}}, {"model": "admin.logentry", "pk": 5, "fields": {"action_time": "2024-06-12T06:43:28.422Z", "user": 1, "content_type": 9, "object_id": "1", "object_repr": "Family of Anandsinhji and વસંતબા", "action_flag": 1, "change_message": "[{\"added\": {}}]"}}, {"model": "admin.logentry", "pk": 6, "fields": {"action_time": "2024-06-12T06:43:47.121Z", "user": 1, "content_type": 8, "object_id": "1", "object_repr": "Spouse Information of  Anandsinhji", "action_flag": 1, "change_message": "[{\"added\": {}}]"}}, {"model": "admin.logentry", "pk": 7, "fields": {"action_time": "2024-06-12T06:44:09.094Z", "user": 1, "content_type": 10, "object_id": "1", "object_repr": "Neelrajsinh Zala", "action_flag": 1, "change_message": "[{\"added\": {}}]"}}, {"model": "admin.logentry", "pk": 8, "fields": {"action_time": "2024-06-12T06:44:20.578Z", "user": 1, "content_type": 10, "object_id": "2", "object_repr": "Neelrajsinh Zala", "action_flag": 1, "change_message": "[{\"added\": {}}]"}}, {"model": "admin.logentry", "pk": 9, "fields": {"action_time": "2024-06-12T06:44:38.124Z", "user": 1, "content_type": 7, "object_id": "5", "object_repr": "ઈન્દુબા", "action_flag": 1, "change_message": "[{\"added\": {}}]"}}, {"model": "admin.logentry", "pk": 10, "fields": {"action_time": "2024-06-12T06:44:51.318Z", "user": 1, "content_type": 7, "object_id": "6", "object_repr": "મંમા - ૧", "action_flag": 1, "change_message": "[{\"added\": {}}]"}}, {"model": "admin.logentry", "pk": 11, "fields": {"action_time": "2024-06-12T06:45:07.777Z", "user": 1, "content_type": 7, "object_id": "7", "object_repr": "મંમા - ૨", "action_flag": 1, "change_message": "[{\"added\": {}}]"}}, {"model": "admin.logentry", "pk": 12, "fields": {"action_time": "2024-06-12T06:45:31.474Z", "user": 1, "content_type": 7, "object_id": "8", "object_repr": "અરુણસિંહ", "action_flag": 1, "change_message": "[{\"added\": {}}]"}}, {"model": "admin.logentry", "pk": 13, "fields": {"action_time": "2024-06-12T06:45:48.383Z", "user": 1, "content_type": 7, "object_id": "9", "object_repr": "પ્રવિણાબા", "action_flag": 1, "change_message": "[{\"added\": {}}]"}}, {"model": "admin.logentry", "pk": 14, "fields": {"action_time": "2024-06-12T06:45:56.400Z", "user": 1, "content_type": 7, "object_id": "10", "object_repr": "વનરાજસિંહ", "action_flag": 1, "change_message": "[{\"added\": {}}]"}}, {"model": "admin.logentry", "pk": 15, "fields": {"action_time": "2024-06-12T06:46:05.520Z", "user": 1, "content_type": 7, "object_id": "11", "object_repr": "દશરથસિંહ", "action_flag": 1, "change_message": "[{\"added\": {}}]"}}, {"model": "admin.logentry", "pk": 16, "fields": {"action_time": "2024-06-12T06:46:09.488Z", "user": 1, "content_type": 9, "object_id": "2", "object_repr": "Family of રામસિંહજી and ઈન્દુબા", "action_flag": 1, "change_message": "[{\"added\": {}}]"}}, {"model": "admin.logentry", "pk": 17, "fields": {"action_time": "2024-06-12T06:46:46.981Z", "user": 1, "content_type": 8, "object_id": "2", "object_repr": "Spouse Information of  રામસિંહજી", "action_flag": 1, "change_message": "[{\"added\": {}}]"}}, {"model": "admin.logentry", "pk": 18, "fields": {"action_time": "2024-06-12T06:47:02.144Z", "user": 1, "content_type": 8, "object_id": "3", "object_repr": "Spouse Information of  અજીતસિંહજી", "action_flag": 1, "change_message": "[{\"added\": {}}]"}}, {"model": "admin.logentry", "pk": 19, "fields": {"action_time": "2024-06-12T06:47:25.619Z", "user": 1, "content_type": 8, "object_id": "4", "object_repr": "Spouse Information of  અજીતસિંહજી", "action_flag": 1, "change_message": "[{\"added\": {}}]"}}, {"model": "admin.logentry", "pk": 20, "fields": {"action_time": "2024-06-12T06:47:52.905Z", "user": 1, "content_type": 7, "object_id": "12", "object_repr": "શક્તિસિંહ", "action_flag": 1, "change_message": "[{\"added\": {}}]"}}, {"model": "admin.logentry", "pk": 21, "fields": {"action_time": "2024-06-12T06:48:01.829Z", "user": 1, "content_type": 7, "object_id": "13", "object_repr": "ચેતનસિંહ", "action_flag": 1, "change_message": "[{\"added\": {}}]"}}, {"model": "admin.logentry", "pk": 22, "fields": {"action_time": "2024-06-12T06:48:03.645Z", "user": 1, "content_type": 9, "object_id": "3", "object_repr": "Family of અજીતસિંહજી and મંમા - ૧", "action_flag": 1, "change_message": "[{\"added\": {}}]"}}, {"model": "admin.logentry", "pk": 23, "fields": {"action_time": "2024-06-12T06:48:18.144Z", "user": 1, "content_type": 7, "object_id": "14", "object_repr": "નયનાબા", "action_flag": 1, "change_message": "[{\"added\": {}}]"}}, {"model": "admin.logentry", "pk": 24, "fields": {"action_time": "2024-06-12T06:48:28.648Z", "user": 1, "content_type": 7, "object_id": "15", "object_repr": "ધર્મેન્દ્રસિંહ", "action_flag": 1, "change_message": "[{\"added\": {}}]"}}, {"model": "admin.logentry", "pk": 25, "fields": {"action_time": "2024-06-12T06:48:30.496Z", "user": 1, "content_type": 9, "object_id": "4", "object_repr": "Family of અજીતસિંહજી and મંમા - ૨", "action_flag": 1, "change_message": "[{\"added\": {}}]"}}, {"model": "auth.permission", "pk": 1, "fields": {"name": "Can add log entry", "content_type": 1, "codename": "add_logentry"}}, {"model": "auth.permission", "pk": 2, "fields": {"name": "Can change log entry", "content_type": 1, "codename": "change_logentry"}}, {"model": "auth.permission", "pk": 3, "fields": {"name": "Can delete log entry", "content_type": 1, "codename": "delete_logentry"}}, {"model": "auth.permission", "pk": 4, "fields": {"name": "Can view log entry", "content_type": 1, "codename": "view_logentry"}}, {"model": "auth.permission", "pk": 5, "fields": {"name": "Can add permission", "content_type": 2, "codename": "add_permission"}}, {"model": "auth.permission", "pk": 6, "fields": {"name": "Can change permission", "content_type": 2, "codename": "change_permission"}}, {"model": "auth.permission", "pk": 7, "fields": {"name": "Can delete permission", "content_type": 2, "codename": "delete_permission"}}, {"model": "auth.permission", "pk": 8, "fields": {"name": "Can view permission", "content_type": 2, "codename": "view_permission"}}, {"model": "auth.permission", "pk": 9, "fields": {"name": "Can add group", "content_type": 3, "codename": "add_group"}}, {"model": "auth.permission", "pk": 10, "fields": {"name": "Can change group", "content_type": 3, "codename": "change_group"}}, {"model": "auth.permission", "pk": 11, "fields": {"name": "Can delete group", "content_type": 3, "codename": "delete_group"}}, {"model": "auth.permission", "pk": 12, "fields": {"name": "Can view group", "content_type": 3, "codename": "view_group"}}, {"model": "auth.permission", "pk": 13, "fields": {"name": "Can add user", "content_type": 4, "codename": "add_user"}}, {"model": "auth.permission", "pk": 14, "fields": {"name": "Can change user", "content_type": 4, "codename": "change_user"}}, {"model": "auth.permission", "pk": 15, "fields": {"name": "Can delete user", "content_type": 4, "codename": "delete_user"}}, {"model": "auth.permission", "pk": 16, "fields": {"name": "Can view user", "content_type": 4, "codename": "view_user"}}, {"model": "auth.permission", "pk": 17, "fields": {"name": "Can add content type", "content_type": 5, "codename": "add_contenttype"}}, {"model": "auth.permission", "pk": 18, "fields": {"name": "Can change content type", "content_type": 5, "codename": "change_contenttype"}}, {"model": "auth.permission", "pk": 19, "fields": {"name": "Can delete content type", "content_type": 5, "codename": "delete_contenttype"}}, {"model": "auth.permission", "pk": 20, "fields": {"name": "Can view content type", "content_type": 5, "codename": "view_contenttype"}}, {"model": "auth.permission", "pk": 21, "fields": {"name": "Can add session", "content_type": 6, "codename": "add_session"}}, {"model": "auth.permission", "pk": 22, "fields": {"name": "Can change session", "content_type": 6, "codename": "change_session"}}, {"model": "auth.permission", "pk": 23, "fields": {"name": "Can delete session", "content_type": 6, "codename": "delete_session"}}, {"model": "auth.permission", "pk": 24, "fields": {"name": "Can view session", "content_type": 6, "codename": "view_session"}}, {"model": "auth.permission", "pk": 25, "fields": {"name": "Can add person", "content_type": 7, "codename": "add_person"}}, {"model": "auth.permission", "pk": 26, "fields": {"name": "Can change person", "content_type": 7, "codename": "change_person"}}, {"model": "auth.permission", "pk": 27, "fields": {"name": "Can delete person", "content_type": 7, "codename": "delete_person"}}, {"model": "auth.permission", "pk": 28, "fields": {"name": "Can view person", "content_type": 7, "codename": "view_person"}}, {"model": "auth.permission", "pk": 29, "fields": {"name": "Can add spouse info", "content_type": 8, "codename": "add_spouseinfo"}}, {"model": "auth.permission", "pk": 30, "fields": {"name": "Can change spouse info", "content_type": 8, "codename": "change_spouseinfo"}}, {"model": "auth.permission", "pk": 31, "fields": {"name": "Can delete spouse info", "content_type": 8, "codename": "delete_spouseinfo"}}, {"model": "auth.permission", "pk": 32, "fields": {"name": "Can view spouse info", "content_type": 8, "codename": "view_spouseinfo"}}, {"model": "auth.permission", "pk": 33, "fields": {"name": "Can add family", "content_type": 9, "codename": "add_family"}}, {"model": "auth.permission", "pk": 34, "fields": {"name": "Can change family", "content_type": 9, "codename": "change_family"}}, {"model": "auth.permission", "pk": 35, "fields": {"name": "Can delete family", "content_type": 9, "codename": "delete_family"}}, {"model": "auth.permission", "pk": 36, "fields": {"name": "Can view family", "content_type": 9, "codename": "view_family"}}, {"model": "auth.permission", "pk": 37, "fields": {"name": "Can add user registration", "content_type": 10, "codename": "add_userregistration"}}, {"model": "auth.permission", "pk": 38, "fields": {"name": "Can change user registration", "content_type": 10, "codename": "change_userregistration"}}, {"model": "auth.permission", "pk": 39, "fields": {"name": "Can delete user registration", "content_type": 10, "codename": "delete_userregistration"}}, {"model": "auth.permission", "pk": 40, "fields": {"name": "Can view user registration", "content_type": 10, "codename": "view_userregistration"}}, {"model": "auth.permission", "pk": 41, "fields": {"name": "Can add contact message", "content_type": 11, "codename": "add_contactmessage"}}, {"model": "auth.permission", "pk": 42, "fields": {"name": "Can change contact message", "content_type": 11, "codename": "change_contactmessage"}}, {"model": "auth.permission", "pk": 43, "fields": {"name": "Can delete contact message", "content_type": 11, "codename": "delete_contactmessage"}}, {"model": "auth.permission", "pk": 44, "fields": {"name": "Can view contact message", "content_type": 11, "codename": "view_contactmessage"}}, {"model": "auth.user", "pk": 1, "fields": {"password": "pbkdf2_sha256$600000$bAmYfZLSXHSJj7Y7yb6aBi$2K3oGPR4Mgp/cpgM7qFj51X3noDYYhKZxPzuft16iek=", "last_login": "2024-06-12T06:42:24.565Z", "is_superuser": true, "username": "neel", "first_name": "", "last_name": "", "email": "neelrajsinhzala@gmail.com", "is_staff": true, "is_active": true, "date_joined": "2024-06-12T06:32:06.846Z", "groups": [], "user_permissions": []}}, {"model": "contenttypes.contenttype", "pk": 1, "fields": {"app_label": "admin", "model": "logentry"}}, {"model": "contenttypes.contenttype", "pk": 2, "fields": {"app_label": "auth", "model": "permission"}}, {"model": "contenttypes.contenttype", "pk": 3, "fields": {"app_label": "auth", "model": "group"}}, {"model": "contenttypes.contenttype", "pk": 4, "fields": {"app_label": "auth", "model": "user"}}, {"model": "contenttypes.contenttype", "pk": 5, "fields": {"app_label": "contenttypes", "model": "contenttype"}}, {"model": "contenttypes.contenttype", "pk": 6, "fields": {"app_label": "sessions", "model": "session"}}, {"model": "contenttypes.contenttype", "pk": 7, "fields": {"app_label": "main", "model": "person"}}, {"model": "contenttypes.contenttype", "pk": 8, "fields": {"app_label": "main", "model": "spouseinfo"}}, {"model": "contenttypes.contenttype", "pk": 9, "fields": {"app_label": "main", "model": "family"}}, {"model": "contenttypes.contenttype", "pk": 10, "fields": {"app_label": "main", "model": "userregistration"}}, {"model": "contenttypes.contenttype", "pk": 11, "fields": {"app_label": "main", "model": "contactmessage"}}, {"model": "sessions.session", "pk": "gcl0fceo1hmi8p7qxhuwpyrteyfh2krv", "fields": {"session_data": ".eJxVjMsOgjAUBf-la9PY25YWl-75BnJfFdRAQmFl_HclYaHbMzPnZXrc1qHfqi79KOZinDn9boT80GkHcsfpNluep3UZye6KPWi13Sz6vB7u38GAdfjWLC4xsIbcOkCg7NVhJFeazJEoYNT2DAI-eIkCSdT5hhvKJUkJTOb9AfKHOIY:1sHHXE:fpfGbIZphdkzwW_l0cE4PnSZ_aqL88NHy0FGk2y8mF0", "expire_date": "2024-06-26T06:32:40.595Z"}}, {"model": "sessions.session", "pk": "yykjr1p2gi9xsjgtep1nfvmleccua287", "fields": {"session_data": ".eJxVjkEOwiAURO_C2hChtKWujHu9QvPhf1qU0gTajca7S5Mm6nbmzcu8WA_rMvZrptR7ZCcm2OE3M2AfFLcC7xCHmds5LskbviF8bzO_zkjhsrN_ghHyWNYWRWulJaU7IUEaXZGA2gjXaFsbo6Cm7ihRVqrCGmWLJKrGNka7Fp2ypkhpAh-KKhKFBPfs4_iEAOdhy8uvqTDOp7z0ESYq4O0LsvcHm2RO9w:1sHJfM:WyBy-TBg7rScBn8ofndJ-DU1A7ihZLYzGLB-_OuR2Ks", "expire_date": "2024-06-26T08:49:12.817Z"}}, {"model": "main.userregistration", "pk": 1, "fields": {"first_name": "Neelrajsinh", "last_name": "Zala", "email_id": "neelrajsinhzala27@gmail.com", "password": "LJIET"}}, {"model": "main.userregistration", "pk": 2, "fields": {"first_name": "Neelrajsinh", "last_name": "Zala", "email_id": "neelrajsinhzala@gmail.com", "password": "LJIET"}}, {"model": "main.person", "pk": 1, "fields": {"name": "Anandsinhji", "dob": null, "gender": "M"}}, {"model": "main.person", "pk": 2, "fields": {"name": "વસંતબા", "dob": null, "gender": "F"}}, {"model": "main.person", "pk": 3, "fields": {"name": "રામસિંહજી", "dob": null, "gender": "M"}}, {"model": "main.person", "pk": 4, "fields": {"name": "અજીતસિંહજી", "dob": null, "gender": "M"}}, {"model": "main.person", "pk": 5, "fields": {"name": "ઈન્દુબા", "dob": null, "gender": "F"}}, {"model": "main.person", "pk": 6, "fields": {"name": "મંમા - ૧", "dob": null, "gender": "F"}}, {"model": "main.person", "pk": 7, "fields": {"name": "મંમા - ૨", "dob": null, "gender": "F"}}, {"model": "main.person", "pk": 8, "fields": {"name": "અરુણસિંહ", "dob": "1967-05-08", "gender": "M"}}, {"model": "main.person", "pk": 9, "fields": {"name": "પ્રવિણાબા", "dob": null, "gender": "F"}}, {"model": "main.person", "pk": 10, "fields": {"name": "વનરાજસિંહ", "dob": null, "gender": "M"}}, {"model": "main.person", "pk": 11, "fields": {"name": "દશરથસિંહ", "dob": null, "gender": "M"}}, {"model": "main.person", "pk": 12, "fields": {"name": "શક્તિસિંહ", "dob": null, "gender": "M"}}, {"model": "main.person", "pk": 13, "fields": {"name": "ચેતનસિંહ", "dob": null, "gender": "M"}}, {"model": "main.person", "pk": 14, "fields": {"name": "નયનાબા", "dob": null, "gender": "F"}}, {"model": "main.person", "pk": 15, "fields": {"name": "ધર્મેન્દ્રસિંહ", "dob": null, "gender": "M"}}, {"model": "main.person", "pk": 16, "fields": {"name": "રીનાબા", "dob": null, "gender": "F"}}, {"model": "main.person", "pk": 17, "fields": {"name": "પ્રતીક્ષાબા", "dob": null, "gender": "F"}}, {"model": "main.person", "pk": 18, "fields": {"name": "દિવ્યરાજસિંહ", "dob": null, "gender": "M"}}, {"model": "main.person", "pk": 19, "fields": {"name": "દક્ષરાજસિંહ જાડેજા", "dob": null, "gender": "M"}}, {"model": "main.person", "pk": 20, "fields": {"name": "ભવદીપસિંહ જાડેજા", "dob": null, "gender": "M"}}, {"model": "main.person", "pk": 21, "fields": {"name": "શિવરાજસિંહ જાડેજા", "dob": null, "gender": "M"}}, {"model": "main.person", "pk": 22, "fields": {"name": "જાનવીબા", "dob": null, "gender": "F"}}, {"model": "main.person", "pk": 23, "fields": {"name": "પૂર્વરાજસિંહ", "dob": null, "gender": "M"}}, {"model": "main.person", "pk": 24, "fields": {"name": "નિવાબા", "dob": null, "gender": "F"}}, {"model": "main.person", "pk": 25, "fields": {"name": "રીતાબા", "dob": null, "gender": "F"}}, {"model": "main.person", "pk": 26, "fields": {"name": "મહિપાલસિંહ", "dob": "1997-04-17", "gender": "M"}}, {"model": "main.person", "pk": 27, "fields": {"name": "ક્રિપાલસિંહ", "dob": "2000-08-01", "gender": "M"}}, {"model": "main.person", "pk": 28, "fields": {"name": "ભૂમિકાબા", "dob": "1980-04-06", "gender": "F"}}, {"model": "main.person", "pk": 29, "fields": {"name": "નીલરાજસિંહ", "dob": "2004-02-14", "gender": "M"}}, {"model": "main.person", "pk": 30, "fields": {"name": "ભવ્યતાબા", "dob": "2008-04-27", "gender": "F"}}, {"model": "main.family", "pk": 1, "fields": {"father": 1, "mother": 2, "children": [3, 4]}}, {"model": "main.family", "pk": 2, "fields": {"father": 3, "mother": 5, "children": [8, 9, 10, 11]}}, {"model": "main.family", "pk": 3, "fields": {"father": 4, "mother": 6, "children": [12, 13]}}, {"model": "main.family", "pk": 4, "fields": {"father": 4, "mother": 7, "children": [14, 15]}}, {"model": "main.family", "pk": 5, "fields": {"father": 8, "mother": 16, "children": [17, 18]}}, {"model": "main.family", "pk": 7, "fields": {"father": 20, "mother": 17, "children": [21, 19]}}, {"model": "main.family", "pk": 8, "fields": {"father": 18, "mother": 22, "children": [24, 23]}}, {"model": "main.family", "pk": 9, "fields": {"father": 10, "mother": 25, "children": [26, 27]}}, {"model": "main.family", "pk": 10, "fields": {"father": 11, "mother": 28, "children": [29, 30]}}, {"model": "main.spouseinfo", "pk": 1, "fields": {"person": 1, "spouse_name": "વસંતબા જાડેજા", "spouse_fathername": "Unknown", "spouse_village": "ખીરઈ"}}, {"model": "main.spouseinfo", "pk": 2, "fields": {"person": 3, "spouse_name": "ઈન્દુબા જાડેજા", "spouse_fathername": "દાદુભા જાડેજા", "spouse_village": "ધૂળકોટ"}}, {"model": "main.spouseinfo", "pk": 3, "fields": {"person": 4, "spouse_name": "મંમા - ૧", "spouse_fathername": "દાદુભા જાડેજા", "spouse_village": "ધૂળકોટ"}}, {"model": "main.spouseinfo", "pk": 4, "fields": {"person": 4, "spouse_name": "મંમા - ૨", "spouse_fathername": "Unknown", "spouse_village": "સાપર"}}, {"model": "main.spouseinfo", "pk": 5, "fields": {"person": 8, "spouse_name": "રીનાબા જાડેજા", "spouse_fathername": "Unknown", "spouse_village": "ભૂણાવા"}}, {"model": "main.spouseinfo", "pk": 6, "fields": {"person": 17, "spouse_name": "ભવદીપસિંહ જાડેજા", "spouse_fathername": "રાજેન્દ્રસિંહ જાડેજા", "spouse_village": "મહુવા"}}, {"model": "main.spouseinfo", "pk": 7, "fields": {"person": 18, "spouse_name": "જાનવીબા રાયજાદા", "spouse_fathername": "Unknown", "spouse_village": "ચાંદીગઢ"}}, {"model": "main.spouseinfo", "pk": 8, "fields": {"person": 10, "spouse_name": "રીતાબા જાડેજા", "spouse_fathername": "તેંભા જાડેજા", "spouse_village": "શેમળા"}}, {"model": "main.spouseinfo", "pk": 9, "fields": {"person": 26, "spouse_name": "ભૂમિબા જાડેજા", "spouse_fathername": "Unknown", "spouse_village": "મંજલ"}}, {"model": "main.spouseinfo", "pk": 10, "fields": {"person": 11, "spouse_name": "ભૂમિકાબા જાડેજા", "spouse_fathername": "ઈન્દ્રજીતસિંહ ટપુભા જાડેજા", "spouse_village": "Mota Bhela"}}]